{
    "fa85ca4b-b2fc-52fd-93ae-0c35833b5c9f": {
        "value": [
            "Kung Fu Panda"
        ],
        "facts": {
            "2870f917-aa69-4700-aafe-ceb9f4b72fa4": 0.000468975468975469,
            "0652f0c1-ee2d-4687-a4e1-7ffd5c8c98d2": 0.000468975468975469,
            "121795e9-56a7-4e57-be5d-2624fd78f46b": 0.000468975468975469,
            "b1c02a9c-e0c7-4f2c-aeef-28ce9e9e7bef": 0.000468975468975469,
            "5d6d51e0-cff0-4692-95c7-af4479db74f0": 0.000468975468975469,
            "5026e705-c361-4139-b784-9b38c8c2c13b": 0.18098290598290598,
            "b7b9895f-df54-4303-bf81-b37b210c9bac": 0.18098290598290598,
            "26c7adec-9c93-4e12-960e-7da3b95ae88b": 0,
            "f3e74302-eab4-44b0-8e8a-45f2b2a86bab": 0,
            "3ff0e335-82c1-4834-98e7-85db55cff83c": 0,
            "302ab7dc-f39a-480d-821b-fad4020c54f9": 0.038306138306138306,
            "3aad65d9-8d62-4815-a356-95690285fa3b": 0,
            "e061784f-2350-4776-9fb3-695b0083b60c": 0.020532245532245533,
            "d8d9e884-f059-4224-aafb-ebce8e1629f4": 0,
            "f0cc64bc-9d2c-459a-8dc5-b414fa2ad81e": 0,
            "cd738356-6c99-443b-ab23-5a62f695a868": 0.006684981684981685,
            "901eefc8-17ff-4041-8088-dbc324dbe1fc": 0.006684981684981685,
            "3bb9cbfc-fa10-46fb-887c-3962079eba2e": 0.020532245532245533,
            "542f45ee-3484-4a10-9f71-5a0d24ea740c": 0,
            "83517b63-5832-4e3f-be46-ac16ee546cc2": 0,
            "017bde92-bf9e-4c70-b8dd-b3325efec99e": 0,
            "8d84fe6c-20b4-4e97-8829-a5f0a5524209": 0,
            "f4aef40f-2810-438e-b0b2-e3912e810f2a": 0,
            "8d8a58de-3584-41a1-bffa-307e5a64903b": 0,
            "804fe09f-48cb-4a78-8cf3-9c8f7a3517fd": 0.18098290598290598,
            "3859b6e9-046f-4a38-8025-489782d48df9": 0.18098290598290598,
            "d8474dea-6b1c-46ff-8e5e-2dd5247744d1": 0,
            "7b6b9ff4-5665-485c-8f3d-1e213010b0cc": 0.18098290598290598,
            "b8768375-3ab1-46ad-93d9-97c6b9078e6b": 0
        }
    },
    "8e3ff9a1-8614-58bc-b864-c09feaf198bb": {
        "value": [
            "Kung Fu Panda 2"
        ],
        "facts": {
            "2870f917-aa69-4700-aafe-ceb9f4b72fa4": 0.0006019908883685974,
            "0652f0c1-ee2d-4687-a4e1-7ffd5c8c98d2": 0.0006019908883685974,
            "121795e9-56a7-4e57-be5d-2624fd78f46b": 0.0006019908883685974,
            "b1c02a9c-e0c7-4f2c-aeef-28ce9e9e7bef": 0.0006019908883685974,
            "5d6d51e0-cff0-4692-95c7-af4479db74f0": 0.0006019908883685974,
            "5026e705-c361-4139-b784-9b38c8c2c13b": 0.19273314404893352,
            "b7b9895f-df54-4303-bf81-b37b210c9bac": 0,
            "26c7adec-9c93-4e12-960e-7da3b95ae88b": 0.19273314404893352,
            "f3e74302-eab4-44b0-8e8a-45f2b2a86bab": 0,
            "3ff0e335-82c1-4834-98e7-85db55cff83c": 0.0038169132209379887,
            "302ab7dc-f39a-480d-821b-fad4020c54f9": 0,
            "3aad65d9-8d62-4815-a356-95690285fa3b": 0.0069813957971852705,
            "e061784f-2350-4776-9fb3-695b0083b60c": 0.0038169132209379887,
            "d8d9e884-f059-4224-aafb-ebce8e1629f4": 0,
            "f0cc64bc-9d2c-459a-8dc5-b414fa2ad81e": 0.0038169132209379887,
            "cd738356-6c99-443b-ab23-5a62f695a868": 0,
            "901eefc8-17ff-4041-8088-dbc324dbe1fc": 0,
            "3bb9cbfc-fa10-46fb-887c-3962079eba2e": 0,
            "542f45ee-3484-4a10-9f71-5a0d24ea740c": 0.0017207250953380985,
            "83517b63-5832-4e3f-be46-ac16ee546cc2": 0.0017207250953380985,
            "017bde92-bf9e-4c70-b8dd-b3325efec99e": 0.0038169132209379887,
            "8d84fe6c-20b4-4e97-8829-a5f0a5524209": 0.0038169132209379887,
            "f4aef40f-2810-438e-b0b2-e3912e810f2a": 0.0038169132209379887,
            "8d8a58de-3584-41a1-bffa-307e5a64903b": 0,
            "804fe09f-48cb-4a78-8cf3-9c8f7a3517fd": 0.19273314404893352,
            "3859b6e9-046f-4a38-8025-489782d48df9": 0.19273314404893352,
            "d8474dea-6b1c-46ff-8e5e-2dd5247744d1": 0.19273314404893352,
            "7b6b9ff4-5665-485c-8f3d-1e213010b0cc": 0,
            "b8768375-3ab1-46ad-93d9-97c6b9078e6b": 0
        }
    },
    "9a0b8421-25bc-5529-8162-345a15035fda": {
        "value": [
            "Kung Fu Panda 3"
        ],
        "facts": {
            "2870f917-aa69-4700-aafe-ceb9f4b72fa4": 0.0002525252525252525,
            "0652f0c1-ee2d-4687-a4e1-7ffd5c8c98d2": 0.0002525252525252525,
            "121795e9-56a7-4e57-be5d-2624fd78f46b": 0.0002525252525252525,
            "b1c02a9c-e0c7-4f2c-aeef-28ce9e9e7bef": 0.0002525252525252525,
            "5d6d51e0-cff0-4692-95c7-af4479db74f0": 0.0002525252525252525,
            "5026e705-c361-4139-b784-9b38c8c2c13b": 0.14267676767676768,
            "b7b9895f-df54-4303-bf81-b37b210c9bac": 0,
            "26c7adec-9c93-4e12-960e-7da3b95ae88b": 0,
            "f3e74302-eab4-44b0-8e8a-45f2b2a86bab": 0.14267676767676768,
            "3ff0e335-82c1-4834-98e7-85db55cff83c": 0,
            "302ab7dc-f39a-480d-821b-fad4020c54f9": 0,
            "3aad65d9-8d62-4815-a356-95690285fa3b": 0,
            "e061784f-2350-4776-9fb3-695b0083b60c": 0,
            "d8d9e884-f059-4224-aafb-ebce8e1629f4": 0.14267676767676768,
            "f0cc64bc-9d2c-459a-8dc5-b414fa2ad81e": 0,
            "cd738356-6c99-443b-ab23-5a62f695a868": 0,
            "901eefc8-17ff-4041-8088-dbc324dbe1fc": 0,
            "3bb9cbfc-fa10-46fb-887c-3962079eba2e": 0,
            "542f45ee-3484-4a10-9f71-5a0d24ea740c": 0,
            "83517b63-5832-4e3f-be46-ac16ee546cc2": 0,
            "017bde92-bf9e-4c70-b8dd-b3325efec99e": 0,
            "8d84fe6c-20b4-4e97-8829-a5f0a5524209": 0,
            "f4aef40f-2810-438e-b0b2-e3912e810f2a": 0,
            "8d8a58de-3584-41a1-bffa-307e5a64903b": 0.14267676767676768,
            "804fe09f-48cb-4a78-8cf3-9c8f7a3517fd": 0.14267676767676768,
            "3859b6e9-046f-4a38-8025-489782d48df9": 0.14267676767676768,
            "d8474dea-6b1c-46ff-8e5e-2dd5247744d1": 0,
            "7b6b9ff4-5665-485c-8f3d-1e213010b0cc": 0,
            "b8768375-3ab1-46ad-93d9-97c6b9078e6b": 0.14267676767676768
        }
    }
}